date,dow,promo,weekend,temp_c,units
2023-01-01,Sunday,0,1,15.6,521
2023-01-02,Monday,1,0,13.6,604
2023-01-03,Tuesday,0,0,12.6,378
2023-01-04,Wednesday,0,0,14.4,572
2023-01-05,Thursday,0,0,16.0,494
2023-01-06,Friday,0,0,15.3,559
2023-01-07,Saturday,0,1,16.9,467
2023-01-08,Sunday,0,1,8.8,540
2023-01-09,Monday,0,0,11.9,487
2023-01-10,Tuesday,0,0,15.5,493
2023-01-11,Wednesday,0,0,12.0,551
2023-01-12,Thursday,0,0,9.9,395
2023-01-13,Friday,1,0,7.6,561
2023-01-14,Saturday,0,1,17.1,513
2023-01-15,Sunday,0,1,14.2,575
2023-01-16,Monday,1,0,16.8,517
2023-01-17,Tuesday,0,0,10.2,403
2023-01-18,Wednesday,0,0,12.4,413
2023-01-19,Thursday,0,0,12.7,497
2023-01-20,Friday,1,0,11.3,616
2023-01-21,Saturday,0,1,13.1,511
2023-01-22,Sunday,0,1,13.6,558
2023-01-23,Monday,0,0,11.8,399
2023-01-24,Tuesday,0,0,12.2,401
2023-01-25,Wednesday,0,0,15.7,447
2023-01-26,Thursday,0,0,14.2,545
2023-01-27,Friday,1,0,10.0,494
2023-01-28,Saturday,1,1,7.9,565
2023-01-29,Sunday,1,1,15.0,766
2023-01-30,Monday,0,0,7.4,478
2023-01-31,Tuesday,0,0,11.4,473
2023-02-01,Wednesday,0,0,15.9,491
2023-02-02,Thursday,0,0,14.8,549
2023-02-03,Friday,1,0,13.3,617
2023-02-04,Saturday,1,1,12.4,751
2023-02-05,Sunday,0,1,15.3,601
2023-02-06,Monday,0,0,14.6,458
2023-02-07,Tuesday,0,0,12.8,460
2023-02-08,Wednesday,0,0,15.8,450
2023-02-09,Thursday,0,0,13.7,574
2023-02-10,Friday,0,0,13.5,448
2023-02-11,Saturday,0,1,14.6,542
2023-02-12,Sunday,0,1,16.0,589
2023-02-13,Monday,0,0,13.3,419
2023-02-14,Tuesday,0,0,13.1,336
2023-02-15,Wednesday,0,0,13.2,428
2023-02-16,Thursday,0,0,15.8,459
2023-02-17,Friday,1,0,16.2,644
2023-02-18,Saturday,0,1,12.1,400
2023-02-19,Sunday,0,1,15.0,531
2023-02-20,Monday,0,0,15.9,434
2023-02-21,Tuesday,0,0,13.5,547
2023-02-22,Wednesday,0,0,16.0,482
2023-02-23,Thursday,0,0,13.0,505
2023-02-24,Friday,0,0,12.6,509
2023-02-25,Saturday,0,1,15.8,457
2023-02-26,Sunday,0,1,12.6,452
2023-02-27,Monday,0,0,18.1,534
2023-02-28,Tuesday,0,0,14.2,528
2023-03-01,Wednesday,0,0,15.2,413
2023-03-02,Thursday,1,0,15.2,730
2023-03-03,Friday,0,0,17.9,457
2023-03-04,Saturday,0,1,15.2,508
2023-03-05,Sunday,0,1,13.1,479
2023-03-06,Monday,0,0,19.5,601
2023-03-07,Tuesday,1,0,9.9,657
2023-03-08,Wednesday,0,0,14.2,466
2023-03-09,Thursday,1,0,14.2,743
2023-03-10,Friday,1,0,17.8,463
2023-03-11,Saturday,0,1,18.1,532
2023-03-12,Sunday,0,1,14.4,525
2023-03-13,Monday,1,0,16.1,570
2023-03-14,Tuesday,0,0,12.8,471
2023-03-15,Wednesday,0,0,17.3,505
2023-03-16,Thursday,0,0,14.1,444
2023-03-17,Friday,0,0,14.2,456
2023-03-18,Saturday,0,1,18.1,605
2023-03-19,Sunday,0,1,17.0,443
2023-03-20,Monday,0,0,17.4,432
2023-03-21,Tuesday,0,0,15.2,447
2023-03-22,Wednesday,0,0,17.6,492
2023-03-23,Thursday,1,0,11.8,636
2023-03-24,Friday,0,0,16.8,471
2023-03-25,Saturday,0,1,19.6,595
2023-03-26,Sunday,0,1,19.7,644
2023-03-27,Monday,0,0,20.3,566
2023-03-28,Tuesday,0,0,15.1,382
2023-03-29,Wednesday,1,0,14.7,537
2023-03-30,Thursday,0,0,20.0,545
2023-03-31,Friday,0,0,18.5,466
2023-04-01,Saturday,1,1,19.4,699
2023-04-02,Sunday,0,1,18.1,419
2023-04-03,Monday,0,0,22.0,601
2023-04-04,Tuesday,0,0,20.1,477
2023-04-05,Wednesday,0,0,14.5,470
2023-04-06,Thursday,0,0,20.1,484
2023-04-07,Friday,0,0,21.0,444
2023-04-08,Saturday,1,1,19.8,690
2023-04-09,Sunday,0,1,16.1,613
2023-04-10,Monday,0,0,21.3,510
2023-04-11,Tuesday,0,0,25.5,567
2023-04-12,Wednesday,0,0,18.1,466
2023-04-13,Thursday,0,0,16.9,547
2023-04-14,Friday,0,0,21.7,451
2023-04-15,Saturday,0,1,20.0,537
2023-04-16,Sunday,0,1,16.9,511
2023-04-17,Monday,0,0,15.9,505
2023-04-18,Tuesday,0,0,18.9,499
2023-04-19,Wednesday,0,0,20.8,599
2023-04-20,Thursday,0,0,24.9,538
2023-04-21,Friday,0,0,22.7,556
2023-04-22,Saturday,0,1,17.3,559
2023-04-23,Sunday,0,1,20.3,551
2023-04-24,Monday,0,0,15.9,541
2023-04-25,Tuesday,0,0,19.7,484
2023-04-26,Wednesday,0,0,20.5,452
2023-04-27,Thursday,1,0,23.5,592
2023-04-28,Friday,0,0,24.7,608
2023-04-29,Saturday,0,1,17.3,571
2023-04-30,Sunday,1,1,14.8,614
2023-05-01,Monday,1,0,22.6,664
2023-05-02,Tuesday,0,0,23.4,515
2023-05-03,Wednesday,0,0,23.5,482
2023-05-04,Thursday,1,0,24.7,794
2023-05-05,Friday,1,0,25.1,707
2023-05-06,Saturday,1,1,21.9,848
2023-05-07,Sunday,0,1,26.2,718
2023-05-08,Monday,0,0,19.4,634
2023-05-09,Tuesday,0,0,22.7,655
2023-05-10,Wednesday,0,0,25.9,604
2023-05-11,Thursday,1,0,25.1,673
2023-05-12,Friday,1,0,21.1,707
2023-05-13,Saturday,0,1,23.2,760
2023-05-14,Sunday,0,1,31.0,766
2023-05-15,Monday,0,0,27.6,430
2023-05-16,Tuesday,1,0,28.1,734
2023-05-17,Wednesday,0,0,28.8,583
2023-05-18,Thursday,1,0,25.6,547
2023-05-19,Friday,0,0,22.8,586
2023-05-20,Saturday,0,1,23.6,609
2023-05-21,Sunday,1,1,25.0,742
2023-05-22,Monday,0,0,26.3,587
2023-05-23,Tuesday,1,0,23.8,551
2023-05-24,Wednesday,0,0,23.4,449
2023-05-25,Thursday,0,0,23.3,626
2023-05-26,Friday,1,0,23.7,605
2023-05-27,Saturday,0,1,28.2,610
2023-05-28,Sunday,0,1,27.3,629
2023-05-29,Monday,0,0,21.1,449
2023-05-30,Tuesday,0,0,22.7,548
2023-05-31,Wednesday,0,0,23.3,444
2023-06-01,Thursday,1,0,26.1,630
2023-06-02,Friday,0,0,24.6,616
2023-06-03,Saturday,0,1,20.7,581
2023-06-04,Sunday,1,1,25.5,877
2023-06-05,Monday,1,0,28.8,722
2023-06-06,Tuesday,0,0,23.1,470
2023-06-07,Wednesday,1,0,25.2,705
2023-06-08,Thursday,1,0,24.7,655
2023-06-09,Friday,0,0,20.3,537
2023-06-10,Saturday,0,1,23.2,606
2023-06-11,Sunday,0,1,24.1,637
2023-06-12,Monday,0,0,25.2,596
2023-06-13,Tuesday,0,0,27.1,562
2023-06-14,Wednesday,0,0,25.2,517
2023-06-15,Thursday,0,0,22.8,515
2023-06-16,Friday,0,0,21.2,470
2023-06-17,Saturday,1,1,26.0,842
2023-06-18,Sunday,0,1,23.0,594
2023-06-19,Monday,0,0,23.1,465
2023-06-20,Tuesday,0,0,27.3,517
2023-06-21,Wednesday,0,0,24.2,544
2023-06-22,Thursday,1,0,30.0,676
2023-06-23,Friday,0,0,26.9,429
2023-06-24,Saturday,1,1,26.2,713
2023-06-25,Sunday,1,1,25.1,753
2023-06-26,Monday,0,0,25.9,571
2023-06-27,Tuesday,1,0,25.8,710
2023-06-28,Wednesday,0,0,26.4,541
2023-06-29,Thursday,0,0,25.5,487
2023-06-30,Friday,0,0,26.7,497
2023-07-01,Saturday,0,1,29.2,661
2024-01-01,Monday,1,0,15.5,586
2024-01-02,Tuesday,0,0,13.1,414
2024-01-03,Wednesday,0,0,9.1,436
2024-01-04,Thursday,0,0,10.2,425
2024-01-05,Friday,1,0,12.9,531
2024-01-06,Saturday,1,1,15.6,624
2024-01-07,Sunday,0,1,12.2,517
2024-01-08,Monday,0,0,9.4,454
2024-01-09,Tuesday,0,0,11.7,537
2024-01-10,Wednesday,0,0,15.3,456
2024-01-11,Thursday,0,0,14.3,378
2024-01-12,Friday,1,0,12.2,593
2024-01-13,Saturday,1,1,12.2,835
2024-01-14,Sunday,0,1,9.3,474
2024-01-15,Monday,0,0,14.2,532
2024-01-16,Tuesday,0,0,10.9,461
2024-01-17,Wednesday,0,0,11.9,471
2024-01-18,Thursday,0,0,13.2,444
2024-01-19,Friday,1,0,17.9,646
2024-01-20,Saturday,1,1,13.6,698
2024-01-21,Sunday,0,1,12.4,558
2024-01-22,Monday,0,0,12.0,537
2024-01-23,Tuesday,0,0,11.9,333
2024-01-24,Wednesday,0,0,10.3,401
2024-01-25,Thursday,1,0,15.0,658
2024-01-26,Friday,0,0,15.3,510
2024-01-27,Saturday,1,1,14.8,683
2024-01-28,Sunday,0,1,13.7,524
2024-01-29,Monday,1,0,10.2,661
2024-01-30,Tuesday,0,0,16.5,558
2024-01-31,Wednesday,0,0,13.9,564
2024-02-01,Thursday,1,0,16.9,538
2024-02-02,Friday,0,0,16.8,526
2024-02-03,Saturday,1,1,13.4,752
2024-02-04,Sunday,0,1,18.1,665
2024-02-05,Monday,0,0,17.8,561
2024-02-06,Tuesday,1,0,10.7,546
2024-02-07,Wednesday,0,0,8.8,453
2024-02-08,Thursday,0,0,18.1,445
2024-02-09,Friday,0,0,13.9,472
2024-02-10,Saturday,0,1,19.8,503
2024-02-11,Sunday,1,1,13.5,546
2024-02-12,Monday,0,0,10.8,408
2024-02-13,Tuesday,0,0,8.2,538
2024-02-14,Wednesday,0,0,15.3,422
2024-02-15,Thursday,1,0,11.9,614
2024-02-16,Friday,1,0,9.0,504
2024-02-17,Saturday,0,1,16.1,494
2024-02-18,Sunday,0,1,13.2,458
2024-02-19,Monday,0,0,12.9,464
2024-02-20,Tuesday,0,0,10.6,397
2024-02-21,Wednesday,1,0,13.7,576
2024-02-22,Thursday,0,0,17.4,390
2024-02-23,Friday,0,0,11.3,358
2024-02-24,Saturday,1,1,15.5,643
2024-02-25,Sunday,0,1,12.9,585
2024-02-26,Monday,0,0,10.7,432
2024-02-27,Tuesday,1,0,12.0,611
2024-02-28,Wednesday,0,0,15.8,469
2024-02-29,Thursday,1,0,13.3,567
2024-03-01,Friday,0,0,14.5,462
2024-03-02,Saturday,0,1,10.8,473
2024-03-03,Sunday,0,1,18.9,575
2024-03-04,Monday,0,0,10.6,426
2024-03-05,Tuesday,0,0,17.7,513
2024-03-06,Wednesday,0,0,15.0,498
2024-03-07,Thursday,0,0,15.5,430
2024-03-08,Friday,1,0,17.1,634
2024-03-09,Saturday,1,1,16.0,591
2024-03-10,Sunday,0,1,17.3,478
2024-03-11,Monday,0,0,15.6,481
2024-03-12,Tuesday,0,0,14.2,441
2024-03-13,Wednesday,0,0,16.9,545
2024-03-14,Thursday,0,0,13.6,431
2024-03-15,Friday,1,0,21.5,619
2024-03-16,Saturday,0,1,15.8,521
2024-03-17,Sunday,0,1,14.4,533
2024-03-18,Monday,0,0,12.8,505
2024-03-19,Tuesday,0,0,15.0,494
2024-03-20,Wednesday,0,0,15.9,388
2024-03-21,Thursday,0,0,16.5,519
2024-03-22,Friday,0,0,21.2,432
2024-03-23,Saturday,0,1,21.4,532
2024-03-24,Sunday,0,1,22.2,577
2024-03-25,Monday,0,0,15.3,454
2024-03-26,Tuesday,0,0,19.8,516
2024-03-27,Wednesday,0,0,18.7,567
2024-03-28,Thursday,0,0,14.7,457
2024-03-29,Friday,1,0,20.3,635
2024-03-30,Saturday,1,1,17.9,699
2024-03-31,Sunday,0,1,17.2,567
2024-04-01,Monday,0,0,18.3,439
2024-04-02,Tuesday,0,0,19.5,519
2024-04-03,Wednesday,0,0,18.5,577
2024-04-04,Thursday,0,0,19.7,556
2024-04-05,Friday,0,0,17.1,439
2024-04-06,Saturday,1,1,17.6,661
2024-04-07,Sunday,1,1,18.6,793
2024-04-08,Monday,0,0,18.9,481
2024-04-09,Tuesday,0,0,15.1,378
2024-04-10,Wednesday,0,0,20.6,566
2024-04-11,Thursday,1,0,19.0,704
2024-04-12,Friday,1,0,22.8,637
2024-04-13,Saturday,1,1,17.9,825
2024-04-14,Sunday,0,1,22.3,562
2024-04-15,Monday,0,0,14.2,480
2024-04-16,Tuesday,1,0,21.5,643
2024-04-17,Wednesday,0,0,22.5,455
2024-04-18,Thursday,0,0,23.3,401
2024-04-19,Friday,1,0,24.6,523
2024-04-20,Saturday,0,1,14.8,534
2024-04-21,Sunday,0,1,21.8,646
2024-04-22,Monday,1,0,19.9,512
2024-04-23,Tuesday,0,0,20.5,557
2024-04-24,Wednesday,0,0,23.1,526
2024-04-25,Thursday,0,0,20.0,457
2024-04-26,Friday,0,0,20.3,527
2024-04-27,Saturday,1,1,19.5,759
2024-04-28,Sunday,0,1,24.0,515
2024-04-29,Monday,0,0,24.9,494
2024-04-30,Tuesday,0,0,21.8,515
2024-05-01,Wednesday,1,0,23.1,652
2024-05-02,Thursday,0,0,21.8,477
2024-05-03,Friday,1,0,23.5,751
2024-05-04,Saturday,1,1,18.8,681
2024-05-05,Sunday,0,1,22.9,496
2024-05-06,Monday,0,0,20.9,635
2024-05-07,Tuesday,0,0,18.0,579
2024-05-08,Wednesday,0,0,21.0,699
2024-05-09,Thursday,1,0,26.1,744
2024-05-10,Friday,1,0,22.0,688
2024-05-11,Saturday,0,1,26.3,799
2024-05-12,Sunday,0,1,21.5,694
2024-05-13,Monday,0,0,28.2,577
2024-05-14,Tuesday,0,0,26.0,428
2024-05-15,Wednesday,1,0,22.8,673
2024-05-16,Thursday,1,0,23.1,657
2024-05-17,Friday,1,0,18.2,649
2024-05-18,Saturday,0,1,22.4,614
2024-05-19,Sunday,0,1,22.6,478
2024-05-20,Monday,0,0,27.4,540
2024-05-21,Tuesday,0,0,25.1,510
2024-05-22,Wednesday,1,0,24.1,514
2024-05-23,Thursday,0,0,23.3,604
2024-05-24,Friday,1,0,20.6,588
2024-05-25,Saturday,0,1,23.8,702
2024-05-26,Sunday,0,1,26.4,577
2024-05-27,Monday,0,0,28.2,657
2024-05-28,Tuesday,0,0,20.5,451
2024-05-29,Wednesday,1,0,25.6,615
2024-05-30,Thursday,0,0,26.4,541
2024-05-31,Friday,1,0,27.1,720
2024-06-01,Saturday,0,1,22.7,506
2024-06-02,Sunday,0,1,25.0,508
2024-06-03,Monday,0,0,23.3,621
2024-06-04,Tuesday,0,0,25.8,631
2024-06-05,Wednesday,0,0,25.3,465
2024-06-06,Thursday,1,0,30.3,745
2024-06-07,Friday,1,0,24.3,543
2024-06-08,Saturday,0,1,27.3,644
2024-06-09,Sunday,0,1,24.2,525
2024-06-10,Monday,0,0,21.1,474
2024-06-11,Tuesday,1,0,24.8,702
2024-06-12,Wednesday,0,0,26.9,581
2024-06-13,Thursday,0,0,25.7,471
2024-06-14,Friday,0,0,27.5,511
2024-06-15,Saturday,0,1,28.5,723
2024-06-16,Sunday,0,1,33.3,584
2024-06-17,Monday,0,0,22.8,461
2024-06-18,Tuesday,1,0,28.5,554
2024-06-19,Wednesday,0,0,31.1,612
2024-06-20,Thursday,0,0,22.9,507
2024-06-21,Friday,1,0,28.5,544
2024-06-22,Saturday,1,1,30.0,760
2024-06-23,Sunday,1,1,27.9,690
2024-06-24,Monday,1,0,27.4,677
2024-06-25,Tuesday,1,0,21.4,612
2024-06-26,Wednesday,0,0,25.3,468
2024-06-27,Thursday,0,0,31.0,492
2024-06-28,Friday,0,0,27.5,582
2024-06-29,Saturday,1,1,27.2,725
2024-06-30,Sunday,0,1,26.5,686
